"68.9000015","36.4000015","2016-08-20 10:08:02"
"70.1600037","40.4000015","2016-08-20 10:06:03"
"71.7799988","37.0999985","2016-08-20 10:07:02"
"73.5800018","34.7000008","2016-08-20 10:08:02"
"74.3000031","32.4000015","2016-08-20 10:09:02"
"74.4800034","30.7999992","2016-08-20 10:10:04"
"72.8600006","31.2000008","2016-08-20 10:11:02"
"72.1399994","31.8999996","2016-08-20 10:12:02"
"71.4199982","32.5999985","2016-08-20 10:13:02"
"70.8799973","33.0999985","2016-08-20 10:14:02"
"70.5199966","33.0999985","2016-08-20 10:15:02"
"70.1600037","32.5999985","2016-08-20 10:16:05"
"69.8000031","32.2999992","2016-08-20 10:17:04"
"69.6200027","31.8999996","2016-08-20 10:18:02"
"69.6200027","31.7999992","2016-08-20 10:19:07"
"69.2600021","31.7999992","2016-08-20 10:20:05"
"69.0800018","31.7000008","2016-08-20 10:21:02"
"69.0800018","31.7999992","2016-08-20 10:22:02"
"68.9000015","32.0999985","2016-08-20 10:23:02"
"68.9000015","32.5000000","2016-08-20 10:24:02"
"68.5400009","32.5000000","2016-08-20 10:25:02"
"68.5400009","33.4000015","2016-08-20 10:26:02"
"69.2600021","33.9000015","2016-08-20 10:27:02"
"71.4199982","33.2000008","2016-08-20 10:28:02"
"72.6800003","31.8999996","2016-08-20 10:29:02"
"73.4000015","30.7000008","2016-08-20 10:30:02"
"73.5800018","29.7999992","2016-08-20 10:31:02"
"73.5800018","29.3999996","2016-08-20 10:32:02"
"73.5800018","29.2000008","2016-08-20 10:33:02"
"73.5800018","29.2000008","2016-08-20 10:34:01"
"73.4000015","29.2999992","2016-08-20 10:35:01"
"73.2200012","29.6000004","2016-08-20 10:36:02"
"73.4000015","29.5000000","2016-08-20 10:37:02"
"73.4000015","29.6000004","2016-08-20 10:38:02"
"73.4000015","29.7000008","2016-08-20 10:39:02"
"73.2200012","29.2999992","2016-08-20 10:40:02"
"73.0400009","28.8999996","2016-08-20 10:41:02"
"72.8600006","28.6000004","2016-08-20 10:42:02"
"72.6800003","28.3999996","2016-08-20 10:43:02"
"72.3199997","28.2000008","2016-08-20 10:44:02"
"72.1399994","28.2000008","2016-08-20 10:45:02"
"71.9599991","28.1000004","2016-08-20 10:46:02"
"71.7799988","28.1000004","2016-08-20 10:47:02"
"71.7799988","29.7999992","2016-08-20 10:48:05"
"71.5999985","31.5000000","2016-08-20 10:49:02"
"71.5999985","32.4000015","2016-08-20 10:50:02"
"71.7799988","33.5999985","2016-08-20 10:51:02"
"73.9399948","37.7000008","2016-08-20 10:52:02"
"75.0199966","38.0000000","2016-08-20 10:53:02"
"75.3799973","36.7000008","2016-08-20 10:54:02"
"75.9199982","35.5000000","2016-08-20 10:55:02"
"76.6399994","36.2999992","2016-08-20 10:56:02"
"77.0000000","36.5000000","2016-08-20 10:57:02"
"76.6399994","34.5999985","2016-08-20 10:58:04"
"76.6399994","34.7000008","2016-08-20 10:59:02"
"76.8199997","35.4000015","2016-08-20 11:00:05"
"77.0000000","35.0999985","2016-08-20 11:01:02"
"77.1800003","34.9000015","2016-08-20 11:02:02"
"77.3600006","34.9000015","2016-08-20 11:03:02"
"77.5400009","35.2000008","2016-08-20 11:04:02"
"77.7200012","35.4000015","2016-08-20 11:05:01"
"77.9000015","35.7999992","2016-08-20 11:06:01"
"78.0800018","36.2000008","2016-08-20 11:07:02"
"78.2600021","36.5999985","2016-08-20 11:08:02"
"78.6200027","37.0000000","2016-08-20 11:09:02"
"78.8000031","37.7999992","2016-08-20 11:10:02"
"79.1600037","38.0000000","2016-08-20 11:11:02"
"79.5199966","38.2000008","2016-08-20 11:12:02"
"79.6999969","38.4000015","2016-08-20 11:13:02"
"79.8799973","38.5999985","2016-08-20 11:14:02"
"80.2399979","38.9000015","2016-08-20 11:15:02"
"80.5999985","39.5000000","2016-08-20 11:16:02"
"80.7799988","39.5999985","2016-08-20 11:17:02"
"81.1399994","39.7000008","2016-08-20 11:18:02"
"81.5000000","39.7999992","2016-08-20 11:19:02"
"81.6800003","39.7000008","2016-08-20 11:20:02"
"82.0400009","39.7999992","2016-08-20 11:21:02"
"82.4000015","40.2999992","2016-08-20 11:22:02"
"82.5800018","40.2999992","2016-08-20 11:23:02"
"82.9399948","40.2999992","2016-08-20 11:24:02"
"83.8399963","37.7000008","2016-08-20 11:25:02"
"85.8199997","34.2000008","2016-08-20 11:26:02"
"87.4399948","32.0999985","2016-08-20 11:27:02"
"88.6999969","30.5000000","2016-08-20 11:28:02"
"89.9599991","29.1000004","2016-08-20 11:29:02"
"90.8600006","27.8999996","2016-08-20 11:30:02"
"91.5799942","27.7000008","2016-08-20 11:31:02"
"92.3000031","26.7999992","2016-08-20 11:32:02"
"93.0200043","26.2000008","2016-08-20 11:33:02"
"93.5600052","25.7000008","2016-08-20 11:34:02"
"94.0999985","24.8999996","2016-08-20 11:35:02"
"94.6399994","24.5000000","2016-08-20 11:36:02"
"95.0000000","24.2999992","2016-08-20 11:37:02"
"95.5400009","24.2999992","2016-08-20 11:38:02"
"95.9000015","24.5000000","2016-08-20 11:39:02"
"96.4399948","23.5000000","2016-08-20 11:40:02"
"96.8000031","24.1000004","2016-08-20 11:41:05"
"97.1600037","22.7999992","2016-08-20 11:42:04"
"97.5200043","22.2999992","2016-08-20 11:43:05"
"97.8799973","22.2000008","2016-08-20 11:44:02"
"98.2399979","21.3999996","2016-08-20 11:45:02"
"98.7799988","21.1000004","2016-08-20 11:46:02"
"99.1399994","21.2000008","2016-08-20 11:47:04"
"99.3199997","21.8999996","2016-08-20 11:48:02"
"99.5000000","21.3999996","2016-08-20 11:49:02"
"99.8600006","21.1000004","2016-08-20 11:50:02"
"100.2200012","20.8999996","2016-08-20 11:51:02"
"100.5799942","20.7000008","2016-08-20 11:52:05"
"100.7600021","20.8999996","2016-08-20 11:53:02"
"100.9399948","20.2999992","2016-08-20 11:54:02"
"101.3000031","20.6000004","2016-08-20 11:55:02"
"101.4799957","20.1000004","2016-08-20 11:56:02"
"101.8399963","20.2999992","2016-08-20 11:57:04"
"102.0200043","20.2000008","2016-08-20 11:58:02"
"102.1999969","20.7999992","2016-08-20 11:59:02"
"102.3799973","20.5000000","2016-08-20 12:00:02"
"102.5600052","20.6000004","2016-08-20 12:01:02"
"102.7399979","20.2000008","2016-08-20 12:02:02"
"103.0999985","19.7999992","2016-08-20 12:03:02"
"103.2799988","19.1000004","2016-08-20 12:04:02"
"103.6399994","19.7000008","2016-08-20 12:05:02"
"103.8199997","19.2000008","2016-08-20 12:06:02"
"104.0000000","19.6000004","2016-08-20 12:07:02"
"104.1800003","19.3999996","2016-08-20 12:08:05"
"104.1800003","18.7999992","2016-08-20 12:09:02"
"104.3600006","18.6000004","2016-08-20 12:10:02"
"104.5400009","17.8999996","2016-08-20 12:11:02"
"104.9000015","17.3999996","2016-08-20 12:12:02"
"105.0799942","17.6000004","2016-08-20 12:13:02"
"105.2600021","17.6000004","2016-08-20 12:14:02"
"105.6200027","17.7999992","2016-08-20 12:15:02"
"105.6200027","17.5000000","2016-08-20 12:16:02"
"105.9799957","17.8999996","2016-08-20 12:17:02"
"106.1600037","17.5000000","2016-08-20 12:18:02"
"106.3399963","17.7000008","2016-08-20 12:19:02"
"106.5200043","17.7999992","2016-08-20 12:20:02"
"106.6999969","17.8999996","2016-08-20 12:21:02"
"106.8799973","18.0000000","2016-08-20 12:22:04"
"107.2399979","17.7000008","2016-08-20 12:23:02"
"107.2399979","17.3999996","2016-08-20 12:24:05"
"107.4200058","16.7000008","2016-08-20 12:25:02"
"107.5999985","17.2999992","2016-08-20 12:26:02"
"107.9599991","17.1000004","2016-08-20 12:27:02"
"108.1399994","16.2999992","2016-08-20 12:28:02"
"108.3199997","16.2999992","2016-08-20 12:29:02"
"108.5000000","16.3999996","2016-08-20 12:30:02"
"108.6800003","16.3999996","2016-08-20 12:31:02"
"108.8600006","16.2000008","2016-08-20 12:32:02"
"109.0400009","16.3999996","2016-08-20 12:33:02"
"109.2200012","16.3999996","2016-08-20 12:34:02"
"109.2200012","15.8000002","2016-08-20 12:35:02"
"109.4000015","15.8999996","2016-08-20 12:36:02"
"109.5799942","15.8000002","2016-08-20 12:37:02"
"109.7600021","15.6999998","2016-08-20 12:38:04"
"109.9399948","15.6999998","2016-08-20 12:39:02"
"110.1200027","16.1000004","2016-08-20 12:40:02"
"110.3000031","16.1000004","2016-08-20 12:41:02"
"110.3000031","15.8999996","2016-08-20 12:42:02"
"110.6600037","15.8000002","2016-08-20 12:43:02"
"110.6600037","15.6000004","2016-08-20 12:44:02"
"111.0200043","15.5000000","2016-08-20 12:45:02"
"111.1999969","16.1000004","2016-08-20 12:46:02"
"111.1999969","16.2999992","2016-08-20 12:47:02"
"111.5600052","15.3999996","2016-08-20 12:48:02"
"111.7399979","15.5000000","2016-08-20 12:49:02"
"111.7399979","15.1999998","2016-08-20 12:50:02"
"112.0999985","15.1000004","2016-08-20 12:51:02"
"112.2799988","14.3999996","2016-08-20 12:52:02"
"112.2799988","14.6999998","2016-08-20 12:53:02"
"112.4599991","14.8000002","2016-08-20 12:54:02"
"112.6399994","14.8000002","2016-08-20 12:55:02"
"112.8199997","14.3000002","2016-08-20 12:56:02"
"112.8199997","14.1999998","2016-08-20 12:57:02"
"112.8199997","13.6000004","2016-08-20 12:58:02"
"113.0000000","14.0000000","2016-08-20 12:59:02"
"113.1800003","13.6000004","2016-08-20 13:00:05"
"113.3600006","13.3999996","2016-08-20 13:01:02"
"113.5400009","13.5000000","2016-08-20 13:02:02"
"113.7200012","13.6000004","2016-08-20 13:03:02"
"113.9000015","13.8000002","2016-08-20 13:04:04"
"113.9000015","13.6000004","2016-08-20 13:05:02"
"114.0799942","13.6000004","2016-08-20 13:06:05"
"114.2600021","13.6999998","2016-08-20 13:07:02"
"114.2600021","13.6000004","2016-08-20 13:08:02"
"114.4399948","13.3000002","2016-08-20 13:09:02"
"114.6200027","13.1999998","2016-08-20 13:10:02"
"114.8000031","13.6999998","2016-08-20 13:11:02"
"114.9799957","13.6000004","2016-08-20 13:12:02"
"114.9799957","13.1999998","2016-08-20 13:13:02"
"115.1600037","13.3000002","2016-08-20 13:14:07"
"115.3399963","12.8000002","2016-08-20 13:15:02"
"115.5200043","12.6000004","2016-08-20 13:16:02"
"115.5200043","12.1000004","2016-08-20 13:17:02"
"115.3399963","12.1000004","2016-08-20 13:18:02"
"115.5200043","12.0000000","2016-08-20 13:19:02"
"115.5200043","11.6000004","2016-08-20 13:20:01"
"115.3399963","11.1999998","2016-08-20 13:21:01"
"115.1600037","11.1999998","2016-08-20 13:22:02"
"114.9799957","11.1000004","2016-08-20 13:23:02"
"114.9799957","11.1000004","2016-08-20 13:24:02"
"115.1600037","10.5000000","2016-08-20 13:25:02"
"114.9799957","10.5000000","2016-08-20 13:26:05"
"114.9799957","10.8999996","2016-08-20 13:27:02"
"114.9799957","10.6000004","2016-08-20 13:28:02"
"114.8000031","10.6000004","2016-08-20 13:29:02"
"114.8000031","10.5000000","2016-08-20 13:30:02"
"114.8000031","10.3999996","2016-08-20 13:31:02"
"114.8000031","10.5000000","2016-08-20 13:32:02"
"114.8000031","10.5000000","2016-08-20 13:33:02"
"114.9799957","10.6999998","2016-08-20 13:34:02"
"115.1600037","10.6999998","2016-08-20 13:35:02"
"115.3399963","11.0000000","2016-08-20 13:36:02"
"115.5200043","11.1000004","2016-08-20 13:37:02"
"115.8799973","11.1999998","2016-08-20 13:38:02"
"116.0600052","10.8999996","2016-08-20 13:39:01"
"116.4200058","11.1000004","2016-08-20 13:40:01"
"116.4200058","11.1999998","2016-08-20 13:41:02"
"116.5999985","11.3000002","2016-08-20 13:42:02"
"116.9599991","11.3999996","2016-08-20 13:43:05"
"116.9599991","11.3000002","2016-08-20 13:44:02"
"117.3199997","11.3000002","2016-08-20 13:45:02"
"117.5000000","11.1999998","2016-08-20 13:46:02"
"117.6800003","11.5000000","2016-08-20 13:47:04"
"117.8600006","11.6999998","2016-08-20 13:48:01"
"118.0400009","11.1999998","2016-08-20 13:49:05"
"118.2200012","11.8000002","2016-08-20 13:50:02"
"118.0400009","11.3999996","2016-08-20 13:51:02"
"118.0400009","11.0000000","2016-08-20 13:52:02"
"118.2200012","10.8999996","2016-08-20 13:53:04"
"118.7600021","11.3000002","2016-08-20 13:54:02"
"118.9399948","11.0000000","2016-08-20 13:55:02"
"119.3000031","10.8999996","2016-08-20 13:56:02"
"119.4799957","10.8000002","2016-08-20 13:57:02"
"119.4799957","10.6999998","2016-08-20 13:58:02"
"119.6600037","10.8000002","2016-08-20 13:59:02"
"119.8399963","10.8000002","2016-08-20 14:00:02"
"120.0200043","10.8000002","2016-08-20 14:01:02"
"120.3799973","11.1000004","2016-08-20 14:02:02"
"120.3799973","10.8000002","2016-08-20 14:03:02"
"120.5600052","10.6999998","2016-08-20 14:04:02"
"120.5600052","10.6000004","2016-08-20 14:05:02"
"120.5600052","10.6999998","2016-08-20 14:06:02"
"120.9200058","10.8000002","2016-08-20 14:07:02"
"120.9200058","10.8999996","2016-08-20 14:08:02"
"120.9200058","10.8000002","2016-08-20 14:09:02"
"121.0999985","11.1000004","2016-08-20 14:10:02"
"121.0999985","11.1999998","2016-08-20 14:11:02"
"121.2799988","11.0000000","2016-08-20 14:12:02"
"121.2799988","10.8999996","2016-08-20 14:13:02"
"121.6399994","11.1000004","2016-08-20 14:14:02"
"121.8199997","11.3999996","2016-08-20 14:15:02"
"121.8199997","11.0000000","2016-08-20 14:16:02"
"121.8199997","10.6999998","2016-08-20 14:17:02"
"121.8199997","10.5000000","2016-08-20 14:18:02"
"121.8199997","10.3999996","2016-08-20 14:19:02"
"121.8199997","10.5000000","2016-08-20 14:20:02"
"121.8199997","10.5000000","2016-08-20 14:21:02"
"122.0000000","10.8999996","2016-08-20 14:22:02"
"122.0000000","10.8999996","2016-08-20 14:23:02"
"122.1800003","10.6000004","2016-08-20 14:24:02"
"122.1800003","10.6000004","2016-08-20 14:25:02"
"122.3600006","10.5000000","2016-08-20 14:26:02"
"122.3600006","10.3000002","2016-08-20 14:27:02"
"122.3600006","10.5000000","2016-08-20 14:28:02"
"122.3600006","10.5000000","2016-08-20 14:29:02"
"122.3600006","10.5000000","2016-08-20 14:30:05"
"122.3600006","10.3999996","2016-08-20 14:31:02"
"122.5400009","10.3000002","2016-08-20 14:32:02"
"122.5400009","10.3000002","2016-08-20 14:33:02"
"122.5400009","10.1999998","2016-08-20 14:34:02"
"122.7200012","10.3000002","2016-08-20 14:35:02"
"122.9000015","10.3999996","2016-08-20 14:36:02"
"122.9000015","10.3000002","2016-08-20 14:37:04"
"123.0799942","10.3000002","2016-08-20 14:38:02"
"123.2600021","10.3000002","2016-08-20 14:39:02"
"123.2600021","10.1000004","2016-08-20 14:40:02"
"123.4399948","10.1000004","2016-08-20 14:41:02"
"123.4399948","10.3999996","2016-08-20 14:42:02"
"123.8000031","10.8000002","2016-08-20 14:43:05"
"123.6200027","10.1000004","2016-08-20 14:44:02"
"123.8000031","10.3000002","2016-08-20 14:45:02"
"123.8000031","10.0000000","2016-08-20 14:46:02"
"123.8000031","10.1000004","2016-08-20 14:47:02"
"123.9799957","10.3999996","2016-08-20 14:48:02"
"123.9799957","9.8999996","2016-08-20 14:49:02"
"123.9799957","10.0000000","2016-08-20 14:50:02"
"123.9799957","9.8999996","2016-08-20 14:51:02"
"124.1600037","10.0000000","2016-08-20 14:52:02"
"124.3399963","10.0000000","2016-08-20 14:53:02"
"124.3399963","9.8999996","2016-08-20 14:54:02"
"124.3399963","9.8999996","2016-08-20 14:55:02"
"124.3399963","9.8000002","2016-08-20 14:56:02"
"124.5200043","9.8999996","2016-08-20 14:57:02"
"124.5200043","9.8999996","2016-08-20 14:58:02"
"124.6999969","10.0000000","2016-08-20 14:59:02"
"124.6999969","9.8999996","2016-08-20 15:00:02"
"124.8799973","9.8999996","2016-08-20 15:01:02"
"124.8799973","9.8999996","2016-08-20 15:02:02"
"125.0600052","9.6999998","2016-08-20 15:03:02"
"108.5000000","14.3000002","2016-08-20 15:04:02"
"103.0999985","17.6000004","2016-08-20 15:05:02"
"93.0200043","22.0000000","2016-08-20 15:06:02"
"86.0000000","27.3999996","2016-08-20 15:07:02"
"81.1399994","32.0000000","2016-08-20 15:08:02"
"77.7200012","36.2000008","2016-08-20 15:09:04"
"75.0199966","39.9000015","2016-08-20 15:10:05"
"73.2200012","43.2000008","2016-08-20 15:11:04"
"71.4199982","45.9000015","2016-08-20 15:12:05"
"70.5199966","47.2000008","2016-08-20 15:13:02"
"69.2600021","48.2999992","2016-08-20 15:14:02"
"69.2600021","48.9000015","2016-08-20 15:15:02"
"76.4599991","47.0999985","2016-08-20 15:16:02"
"80.0600052","40.2999992","2016-08-20 15:17:02"
"80.4199982","35.9000015","2016-08-20 15:18:02"
"80.2399979","33.4000015","2016-08-20 15:19:02"
"79.8799973","32.2000008","2016-08-20 15:20:01"
"79.3399963","32.0000000","2016-08-20 15:21:01"
"78.2600021","31.2999992","2016-08-20 15:22:02"
"77.7200012","31.1000004","2016-08-20 15:23:01"
"76.6399994","31.6000004","2016-08-20 15:24:02"
"75.7399979","31.7000008","2016-08-20 15:25:02"
"76.4599991","33.2999992","2016-08-20 15:26:01"
"75.9199982","33.9000015","2016-08-20 15:27:02"
"75.1999969","34.5000000","2016-08-20 15:28:02"
"74.6600037","35.0000000","2016-08-20 15:29:01"
"73.9399948","35.2000008","2016-08-20 15:30:02"
"73.5800018","35.5999985","2016-08-20 15:31:02"
"73.0400009","35.9000015","2016-08-20 15:32:02"
"72.6800003","36.5999985","2016-08-20 15:33:07"
"73.5800018","36.7000008","2016-08-20 15:34:01"
"73.9399948","36.5000000","2016-08-20 15:35:01"
"75.1999969","37.7000008","2016-08-20 15:36:02"
"74.6600037","37.2999992","2016-08-20 15:37:02"
"74.3000031","35.9000015","2016-08-20 15:38:01"
"73.9399948","35.2999992","2016-08-20 15:39:02"
"73.2200012","35.0999985","2016-08-20 15:40:02"
"73.4000015","36.5000000","2016-08-20 15:41:02"
"73.2200012","36.7999992","2016-08-20 15:42:02"
"73.7600021","37.4000015","2016-08-20 15:43:02"
"75.0199966","38.2999992","2016-08-20 15:44:02"
"76.4599991","37.2000008","2016-08-20 15:45:02"
"77.0000000","34.7999992","2016-08-20 15:46:02"
"76.0999985","34.2000008","2016-08-20 15:47:02"
"76.4599991","34.5000000","2016-08-20 15:48:02"
"76.8199997","33.5000000","2016-08-20 15:49:02"
"75.1999969","33.2000008","2016-08-20 15:50:05"
"76.4599991","33.2000008","2016-08-20 15:51:02"
"77.3600006","33.2000008","2016-08-20 15:52:04"
"77.9000015","31.7999992","2016-08-20 15:53:02"
"76.8199997","30.0000000","2016-08-20 15:54:02"
"76.4599991","29.3999996","2016-08-20 15:55:05"
"75.3799973","30.0000000","2016-08-20 15:56:02"
"75.1999969","38.2999992","2016-08-20 15:57:02"
"75.9199982","40.7999992","2016-08-20 15:58:02"
"77.0000000","40.5000000","2016-08-20 15:59:02"
"78.2600021","39.0000000","2016-08-20 16:00:02"
"79.3399963","38.0000000","2016-08-20 16:01:02"
"80.5999985","37.2999992","2016-08-20 16:02:02"
"81.6800003","35.9000015","2016-08-20 16:03:02"
"82.7600021","35.0999985","2016-08-20 16:04:02"
"83.8399963","33.9000015","2016-08-20 16:05:02"
"84.7399979","33.2000008","2016-08-20 16:06:02"
"86.1800003","31.7999992","2016-08-20 16:07:02"
"87.0800018","30.3999996","2016-08-20 16:08:02"
"87.9800034","30.0000000","2016-08-20 16:09:02"
"88.6999969","29.1000004","2016-08-20 16:10:02"
"89.4199982","28.2000008","2016-08-20 16:11:02"
"90.1399994","28.0000000","2016-08-20 16:12:02"
"90.8600006","27.2000008","2016-08-20 16:13:02"
"91.4000015","27.0000000","2016-08-20 16:14:02"
"92.1200027","26.5000000","2016-08-20 16:15:01"
"92.8399963","25.7999992","2016-08-20 16:16:01"
"93.3799973","25.6000004","2016-08-20 16:17:02"
"93.9200058","25.2000008","2016-08-20 16:18:02"
"94.2799988","24.5000000","2016-08-20 16:19:02"
"95.0000000","24.2000008","2016-08-20 16:20:02"
"95.3600006","23.2999992","2016-08-20 16:21:02"
"95.9000015","23.1000004","2016-08-20 16:22:02"
"96.2600021","22.6000004","2016-08-20 16:23:02"
"96.6200027","22.1000004","2016-08-20 16:24:02"
"97.1600037","22.2999992","2016-08-20 16:25:02"
"97.5200043","21.7000008","2016-08-20 16:26:02"
"97.8799973","20.8999996","2016-08-20 16:27:02"
"98.2399979","20.6000004","2016-08-20 16:28:02"
"98.5999985","20.6000004","2016-08-20 16:29:02"
"98.9599991","20.0000000","2016-08-20 16:30:02"
"99.1399994","20.0000000","2016-08-20 16:31:02"
"99.6800003","19.8999996","2016-08-20 16:32:02"
"99.8600006","19.7000008","2016-08-20 16:33:02"
"100.0400009","19.6000004","2016-08-20 16:34:02"
"100.4000015","19.6000004","2016-08-20 16:35:02"
"100.7600021","19.5000000","2016-08-20 16:36:05"
"100.9399948","19.2999992","2016-08-20 16:37:02"
"101.1200027","18.8999996","2016-08-20 16:38:02"
"101.4799957","18.7000008","2016-08-20 16:39:02"
"101.6600037","18.5000000","2016-08-20 16:40:02"
"101.8399963","18.2000008","2016-08-20 16:41:02"
"101.8399963","17.8999996","2016-08-20 16:42:02"
"102.1999969","18.0000000","2016-08-20 16:43:02"
"102.3799973","17.7999992","2016-08-20 16:44:02"
"102.5600052","17.5000000","2016-08-20 16:45:02"
"102.7399979","17.5000000","2016-08-20 16:46:02"
"102.9200058","17.3999996","2016-08-20 16:47:02"
"102.9200058","17.5000000","2016-08-20 16:48:02"
"103.0999985","17.2000008","2016-08-20 16:49:02"
"103.2799988","17.0000000","2016-08-20 16:50:02"
"103.4599991","16.7999992","2016-08-20 16:51:02"
"103.4599991","16.3999996","2016-08-20 16:52:02"
"103.6399994","16.2999992","2016-08-20 16:53:04"
"103.6399994","15.8999996","2016-08-20 16:54:02"
"104.0000000","16.2000008","2016-08-20 16:55:02"
"104.0000000","16.2000008","2016-08-20 16:56:02"
"104.1800003","16.0000000","2016-08-20 16:57:05"
"104.1800003","15.8999996","2016-08-20 16:58:02"
"104.1800003","15.8999996","2016-08-20 16:59:02"
"104.3600006","15.6000004","2016-08-20 17:00:02"
"104.3600006","15.3000002","2016-08-20 17:01:02"
"104.5400009","15.3999996","2016-08-20 17:02:02"
"104.7200012","15.3000002","2016-08-20 17:03:02"
"104.9000015","15.1999998","2016-08-20 17:04:02"
"104.9000015","15.1999998","2016-08-20 17:05:02"
"104.9000015","15.1000004","2016-08-20 17:06:02"
"104.9000015","15.0000000","2016-08-20 17:07:02"
"104.9000015","15.0000000","2016-08-20 17:08:02"
"105.0799942","15.1000004","2016-08-20 17:09:02"
"105.0799942","15.0000000","2016-08-20 17:10:02"
"105.0799942","15.0000000","2016-08-20 17:11:02"
"105.0799942","14.8999996","2016-08-20 17:12:02"
"105.0799942","14.8000002","2016-08-20 17:13:02"
"105.2600021","14.6999998","2016-08-20 17:14:02"
"105.2600021","14.6000004","2016-08-20 17:15:04"
"105.4399948","14.6000004","2016-08-20 17:16:02"
"105.4399948","14.6999998","2016-08-20 17:17:05"
"105.4399948","14.6000004","2016-08-20 17:18:02"
"105.4399948","14.6000004","2016-08-20 17:19:02"
"105.4399948","14.6999998","2016-08-20 17:20:02"
"105.2600021","14.6999998","2016-08-20 17:21:02"
"105.2600021","14.6999998","2016-08-20 17:22:02"
"105.0799942","14.6999998","2016-08-20 17:23:02"
"105.0799942","14.8000002","2016-08-20 17:24:02"
"104.9000015","14.8999996","2016-08-20 17:25:02"
"104.7200012","15.0000000","2016-08-20 17:26:02"
"104.5400009","15.1999998","2016-08-20 17:27:02"
"104.3600006","15.1999998","2016-08-20 17:28:02"
"104.1800003","15.3999996","2016-08-20 17:29:02"
"104.1800003","15.5000000","2016-08-20 17:30:02"
"104.0000000","15.6999998","2016-08-20 17:31:02"
"103.6399994","15.3999996","2016-08-20 17:32:02"
"103.6399994","15.3999996","2016-08-20 17:33:02"
"103.2799988","15.5000000","2016-08-20 17:34:02"
"103.2799988","15.6000004","2016-08-20 17:35:02"
"103.0999985","15.6999998","2016-08-20 17:36:02"
"102.7399979","15.6999998","2016-08-20 17:37:02"
"102.7399979","15.8999996","2016-08-20 17:38:02"
"102.5600052","15.8999996","2016-08-20 17:39:02"
"102.3799973","16.0000000","2016-08-20 17:40:02"
"102.1999969","16.1000004","2016-08-20 17:41:02"
"102.1999969","16.1000004","2016-08-20 17:42:02"
"102.0200043","15.8999996","2016-08-20 17:43:02"
"101.8399963","16.0000000","2016-08-20 17:44:02"
"101.6600037","16.0000000","2016-08-20 17:45:02"
"101.4799957","16.0000000","2016-08-20 17:46:02"
"101.4799957","16.1000004","2016-08-20 17:47:01"
"101.4799957","16.2000008","2016-08-20 17:48:01"
"101.4799957","16.2999992","2016-08-20 17:49:02"
"101.1200027","16.5000000","2016-08-20 17:50:02"
"101.3000031","16.5000000","2016-08-20 17:51:01"
"100.9399948","16.6000004","2016-08-20 17:52:02"
"100.9399948","16.7999992","2016-08-20 17:53:02"
"100.7600021","17.0000000","2016-08-20 17:54:02"
"100.7600021","17.0000000","2016-08-20 17:55:02"
"100.7600021","17.1000004","2016-08-20 17:56:02"
"100.5799942","17.2000008","2016-08-20 17:57:02"
"100.4000015","17.2000008","2016-08-20 17:58:02"
"100.2200012","17.0000000","2016-08-20 17:59:02"
"100.2200012","17.1000004","2016-08-20 18:00:01"
"100.2200012","17.2000008","2016-08-20 18:01:05"
"100.0400009","17.2999992","2016-08-20 18:02:02"
"100.0400009","17.3999996","2016-08-20 18:03:02"
"99.8600006","17.6000004","2016-08-20 18:04:02"
"99.8600006","17.6000004","2016-08-20 18:05:02"
"99.6800003","17.7999992","2016-08-20 18:06:02"
"99.6800003","17.7999992","2016-08-20 18:07:02"
"99.6800003","17.8999996","2016-08-20 18:08:02"
"99.5000000","17.8999996","2016-08-20 18:09:02"
"99.5000000","18.0000000","2016-08-20 18:10:02"
"99.3199997","18.0000000","2016-08-20 18:11:02"
"99.3199997","18.0000000","2016-08-20 18:12:02"
"99.1399994","17.8999996","2016-08-20 18:13:02"
"99.1399994","17.8999996","2016-08-20 18:14:02"
"98.9599991","18.0000000","2016-08-20 18:15:02"
"98.7799988","18.1000004","2016-08-20 18:16:02"
"98.7799988","18.1000004","2016-08-20 18:17:02"
"98.5999985","18.2000008","2016-08-20 18:18:02"
"98.4200058","17.7999992","2016-08-20 18:19:01"
"98.4200058","17.7999992","2016-08-20 18:20:01"
"98.2399979","17.8999996","2016-08-20 18:21:02"
"98.2399979","17.8999996","2016-08-20 18:22:02"
"98.0600052","18.0000000","2016-08-20 18:23:02"
"98.0600052","18.1000004","2016-08-20 18:24:02"
"97.8799973","18.2000008","2016-08-20 18:25:02"
"97.8799973","18.2000008","2016-08-20 18:26:02"
"97.6999969","18.2999992","2016-08-20 18:27:02"
"97.5200043","18.2999992","2016-08-20 18:28:02"
"97.6999969","18.2999992","2016-08-20 18:29:02"
"97.5200043","18.3999996","2016-08-20 18:30:02"
"97.3399963","18.5000000","2016-08-20 18:31:02"
"97.3399963","18.5000000","2016-08-20 18:32:02"
"97.3399963","18.5000000","2016-08-20 18:33:02"
"97.1600037","18.6000004","2016-08-20 18:34:02"
"96.9799957","18.7000008","2016-08-20 18:35:05"
"97.1600037","18.6000004","2016-08-20 18:36:02"
"96.9799957","18.6000004","2016-08-20 18:37:02"
"96.8000031","18.7999992","2016-08-20 18:38:02"
"96.8000031","18.8999996","2016-08-20 18:39:04"
"96.8000031","19.0000000","2016-08-20 18:40:02"
"96.6200027","18.7000008","2016-08-20 18:41:02"
"96.6200027","18.8999996","2016-08-20 18:42:07"
"96.6200027","18.8999996","2016-08-20 18:43:05"
"96.4399948","19.0000000","2016-08-20 18:44:04"
"96.4399948","19.1000004","2016-08-20 18:45:02"
"96.4399948","19.2000008","2016-08-20 18:46:02"
"96.2600021","19.2000008","2016-08-20 18:47:02"
"96.0799942","19.2000008","2016-08-20 18:48:02"
"95.9000015","19.1000004","2016-08-20 18:49:02"
"95.7200012","19.2000008","2016-08-20 18:50:02"
"95.7200012","19.2000008","2016-08-20 18:51:02"
"95.7200012","19.2000008","2016-08-20 18:52:02"
"95.7200012","19.2000008","2016-08-20 18:53:02"
"95.7200012","19.2999992","2016-08-20 18:54:02"
"95.5400009","19.5000000","2016-08-20 18:55:02"
"95.5400009","19.6000004","2016-08-20 18:56:02"
"95.3600006","19.7999992","2016-08-20 18:57:02"
"95.3600006","19.8999996","2016-08-20 18:58:02"
"95.3600006","19.8999996","2016-08-20 18:59:02"
"95.1800003","20.0000000","2016-08-20 19:00:02"
"95.1800003","20.1000004","2016-08-20 19:01:02"
"95.0000000","20.0000000","2016-08-20 19:02:02"
"94.8199997","19.7000008","2016-08-20 19:03:02"
"94.8199997","19.7000008","2016-08-20 19:04:02"
"94.8199997","19.5000000","2016-08-20 19:05:02"
"94.6399994","19.3999996","2016-08-20 19:06:02"
"94.4599991","19.2999992","2016-08-20 19:07:02"
"94.4599991","19.3999996","2016-08-20 19:08:02"
"94.0999985","19.3999996","2016-08-20 19:09:02"
"94.0999985","19.5000000","2016-08-20 19:10:02"
"93.9200058","19.6000004","2016-08-20 19:11:02"
"93.9200058","19.6000004","2016-08-20 19:12:02"
"93.7399979","19.7000008","2016-08-20 19:13:02"
"93.7399979","19.7999992","2016-08-20 19:14:02"
"93.5600052","19.7999992","2016-08-20 19:15:02"
"93.5600052","19.8999996","2016-08-20 19:16:02"
"93.5600052","20.0000000","2016-08-20 19:17:02"
"93.3799973","20.0000000","2016-08-20 19:18:02"
"93.1999969","20.6000004","2016-08-20 19:19:02"
"60.6199989","36.5999985","2016-08-20 19:18:03"
"56.6599998","42.0000000","2016-08-20 19:19:02"
"55.9399986","45.7000008","2016-08-20 19:20:02"
"55.2199974","46.5999985","2016-08-20 19:21:02"
"55.5800018","49.0000000","2016-08-20 19:22:02"
"56.8400002","48.2000008","2016-08-20 19:23:02"
"57.9199982","47.0999985","2016-08-20 19:24:02"
"58.0999985","45.0000000","2016-08-20 19:25:02"
"58.8199997","45.2000008","2016-08-20 19:26:02"
"58.0999985","44.5000000","2016-08-20 19:27:02"
"59.0000000","44.7000008","2016-08-20 19:28:02"
"60.4399986","44.2999992","2016-08-20 19:29:02"
"62.4199982","48.7000008","2016-08-20 19:30:02"
"65.8399963","56.2999992","2016-08-20 19:31:02"
"68.7200012","56.7000008","2016-08-20 19:32:02"
"71.2399979","54.0999985","2016-08-20 19:33:02"
"72.8600006","51.2999992","2016-08-20 19:34:02"
"74.6600037","48.7999992","2016-08-20 19:35:02"
"75.9199982","46.7999992","2016-08-20 19:36:02"
"76.6399994","44.7000008","2016-08-20 19:37:02"
"77.7200012","43.2000008","2016-08-20 19:38:02"
"78.2600021","42.0000000","2016-08-20 19:39:02"
"78.8000031","41.5999985","2016-08-20 19:40:02"
"79.1600037","39.5999985","2016-08-20 19:41:02"
"79.5199966","38.7999992","2016-08-20 19:42:02"
"79.8799973","37.7999992","2016-08-20 19:43:02"
"80.2399979","37.2999992","2016-08-20 19:44:02"
"80.7799988","37.2000008","2016-08-20 19:45:02"
"81.3199997","36.9000015","2016-08-20 19:46:02"
"81.8600006","36.4000015","2016-08-20 19:47:02"
"82.4000015","36.2000008","2016-08-20 19:48:02"
"82.9399948","35.7999992","2016-08-20 19:49:02"
"83.3000031","35.4000015","2016-08-20 19:50:01"
"83.8399963","34.7000008","2016-08-20 19:51:01"
"84.3799973","34.7000008","2016-08-20 19:52:01"
"84.9199982","34.0000000","2016-08-20 19:53:02"
"85.2799988","33.5000000","2016-08-20 19:54:02"
"85.6399994","33.0999985","2016-08-20 19:55:02"
"86.0000000","33.2000008","2016-08-20 19:56:02"
"86.3600006","32.7999992","2016-08-20 19:57:02"
"86.7200012","32.2000008","2016-08-20 19:58:02"
"87.0800018","31.8999996","2016-08-20 19:59:02"
"87.2600021","31.7000008","2016-08-20 20:00:07"
"87.4399948","31.3999996","2016-08-20 20:01:05"
"87.8000031","31.6000004","2016-08-20 20:02:02"
"87.9800034","31.3999996","2016-08-20 20:03:02"
"88.5199966","30.7999992","2016-08-20 20:04:02"
"88.8799973","30.3999996","2016-08-20 20:05:02"
"89.0600052","30.1000004","2016-08-20 20:06:02"
"89.4199982","29.7000008","2016-08-20 20:07:02"
"89.5999985","29.6000004","2016-08-20 20:08:02"
"89.9599991","29.2999992","2016-08-20 20:09:02"
"90.3199997","28.8999996","2016-08-20 20:10:02"
"90.6800003","28.5000000","2016-08-20 20:11:01"
"90.8600006","28.2000008","2016-08-20 20:12:01"
"91.4000015","28.2999992","2016-08-20 20:13:01"
"91.5799942","28.0000000","2016-08-20 20:14:02"
"91.7600021","27.8999996","2016-08-20 20:15:02"
"91.9399948","27.6000004","2016-08-20 20:16:02"
"92.3000031","27.5000000","2016-08-20 20:17:02"
"92.3000031","27.2999992","2016-08-20 20:18:02"
"92.4799957","27.2000008","2016-08-20 20:19:05"
"92.6600037","27.0000000","2016-08-20 20:20:02"
"92.8399963","26.8999996","2016-08-20 20:21:02"
"93.0200043","26.7000008","2016-08-20 20:22:02"
"93.3799973","26.7999992","2016-08-20 20:23:02"
"93.5600052","26.6000004","2016-08-20 20:24:02"
"93.7399979","26.2000008","2016-08-20 20:25:02"
"94.0999985","25.8999996","2016-08-20 20:26:02"
"94.2799988","25.6000004","2016-08-20 20:27:02"
"94.6399994","25.2999992","2016-08-20 20:28:02"
"94.6399994","25.2000008","2016-08-20 20:29:02"
"94.8199997","25.1000004","2016-08-20 20:30:02"
"94.8199997","25.0000000","2016-08-20 20:31:02"
"95.0000000","25.3999996","2016-08-20 20:32:02"
"95.0000000","25.3999996","2016-08-20 20:33:02"
"95.1800003","25.3999996","2016-08-20 20:34:04"
"95.3600006","25.2000008","2016-08-20 20:35:02"
"95.3600006","25.1000004","2016-08-20 20:36:02"
"95.5400009","25.0000000","2016-08-20 20:37:02"
"95.7200012","24.7000008","2016-08-20 20:38:02"
"96.0799942","24.5000000","2016-08-20 20:39:02"
"96.2600021","24.2999992","2016-08-20 20:40:02"
"96.4399948","24.2000008","2016-08-20 20:41:05"
"96.4399948","23.8999996","2016-08-20 20:42:04"
"96.8000031","24.1000004","2016-08-20 20:43:05"
"96.8000031","24.1000004","2016-08-20 20:44:02"
"96.9799957","24.0000000","2016-08-20 20:45:02"
"96.9799957","23.8999996","2016-08-20 20:46:02"
"97.1600037","23.7000008","2016-08-20 20:47:02"
"97.1600037","23.7000008","2016-08-20 20:48:02"
"97.5200043","23.5000000","2016-08-20 20:49:02"
"97.6999969","23.3999996","2016-08-20 20:50:07"
"97.8799973","23.2999992","2016-08-20 20:51:02"
"97.8799973","23.2000008","2016-08-20 20:52:02"
"98.0600052","23.1000004","2016-08-20 20:53:02"
"98.0600052","23.0000000","2016-08-20 20:54:02"
"98.4200058","22.7999992","2016-08-20 20:55:02"
"98.4200058","22.7000008","2016-08-20 20:56:02"
"98.4200058","22.7000008","2016-08-20 20:57:02"
"98.5999985","23.0000000","2016-08-20 20:58:02"
"98.7799988","22.8999996","2016-08-20 20:59:02"
"98.9599991","22.7000008","2016-08-20 21:00:02"
"98.9599991","22.6000004","2016-08-20 21:01:02"
"98.9599991","22.5000000","2016-08-20 21:02:02"
"99.1399994","22.5000000","2016-08-20 21:03:02"
"99.3199997","22.3999996","2016-08-20 21:04:02"
"99.5000000","22.3999996","2016-08-20 21:05:02"
"99.6800003","22.2000008","2016-08-20 21:06:02"
"99.8600006","22.0000000","2016-08-20 21:07:04"
"100.0400009","21.8999996","2016-08-20 21:08:02"
"100.2200012","21.6000004","2016-08-20 21:09:02"
"100.2200012","21.3999996","2016-08-20 21:10:02"
"100.4000015","21.7999992","2016-08-20 21:11:02"
"100.5799942","21.6000004","2016-08-20 21:12:02"
"100.2200012","20.7000008","2016-08-20 21:13:02"
"99.5000000","20.7000008","2016-08-20 21:14:02"
"98.9599991","20.8999996","2016-08-20 21:15:02"
"98.5999985","21.2999992","2016-08-20 21:16:02"
"98.4200058","21.0000000","2016-08-20 21:17:02"
"98.2399979","21.1000004","2016-08-20 21:18:02"
"98.0600052","21.2999992","2016-08-20 21:19:02"
"98.0600052","21.3999996","2016-08-20 21:20:02"
"98.2399979","21.6000004","2016-08-20 21:21:02"
"98.7799988","22.2000008","2016-08-20 21:22:02"
"98.9599991","22.1000004","2016-08-20 21:23:05"
"99.3199997","21.8999996","2016-08-20 21:24:02"
"99.5000000","21.7000008","2016-08-20 21:25:02"
"99.8600006","21.7000008","2016-08-20 21:26:02"
"100.0400009","21.6000004","2016-08-20 21:27:02"
"100.2200012","21.2999992","2016-08-20 21:28:02"
"100.5799942","21.5000000","2016-08-20 21:29:02"
"100.5799942","21.2000008","2016-08-20 21:30:02"
"100.5799942","21.0000000","2016-08-20 21:31:01"
"100.7600021","21.0000000","2016-08-20 21:32:01"
"100.9399948","20.8999996","2016-08-20 21:33:01"
"100.9399948","20.7999992","2016-08-20 21:34:01"
"101.3000031","20.7999992","2016-08-20 21:35:02"
"101.3000031","20.7000008","2016-08-20 21:36:02"
"101.4799957","20.5000000","2016-08-20 21:37:02"
"101.4799957","20.6000004","2016-08-20 21:38:02"
"101.3000031","20.1000004","2016-08-20 21:39:02"
"100.9399948","20.1000004","2016-08-20 21:40:02"
"100.5799942","20.5000000","2016-08-20 21:41:02"
"100.7600021","20.3999996","2016-08-20 21:42:02"
"100.5799942","20.3999996","2016-08-20 21:43:02"
"100.4000015","20.5000000","2016-08-20 21:44:02"
"100.4000015","20.5000000","2016-08-20 21:45:02"
"100.2200012","20.2000008","2016-08-20 21:46:02"
"100.4000015","20.7000008","2016-08-20 21:47:02"
"100.5799942","20.7999992","2016-08-20 21:48:02"
"100.9399948","20.7000008","2016-08-20 21:49:02"
"101.3000031","20.6000004","2016-08-20 21:50:02"
"101.6600037","20.3999996","2016-08-20 21:51:02"
"101.8399963","20.2000008","2016-08-20 21:52:02"
"102.1999969","20.5000000","2016-08-20 21:53:02"
"102.1999969","20.1000004","2016-08-20 21:54:02"
"102.1999969","20.0000000","2016-08-20 21:55:02"
"102.0200043","19.7999992","2016-08-20 21:56:02"
"101.8399963","19.7999992","2016-08-20 21:57:02"
"101.4799957","19.8999996","2016-08-20 21:58:02"
"101.1200027","20.0000000","2016-08-20 21:59:02"
"100.7600021","20.0000000","2016-08-20 22:00:02"
"100.5799942","20.2000008","2016-08-20 22:01:02"
"100.5799942","20.6000004","2016-08-20 22:02:02"
"100.7600021","20.6000004","2016-08-20 22:03:02"
"101.1200027","20.5000000","2016-08-20 22:04:04"
"101.4799957","20.3999996","2016-08-20 22:05:02"
"101.6600037","20.1000004","2016-08-20 22:06:05"
"101.6600037","20.1000004","2016-08-20 22:07:02"
"102.1999969","20.5000000","2016-08-20 22:08:02"
"102.3799973","20.2999992","2016-08-20 22:09:02"
"102.7399979","20.1000004","2016-08-20 22:10:02"
"102.9200058","19.8999996","2016-08-20 22:11:02"
"102.9200058","19.8999996","2016-08-20 22:12:02"
"102.9200058","19.8999996","2016-08-20 22:13:02"
"103.0999985","19.7999992","2016-08-20 22:14:02"
"103.0999985","19.7999992","2016-08-20 22:15:02"
"103.4599991","19.7999992","2016-08-20 22:16:02"
"103.4599991","19.7000008","2016-08-20 22:17:02"
"103.8199997","19.6000004","2016-08-20 22:18:02"
"103.8199997","19.5000000","2016-08-20 22:19:02"
"103.8199997","19.5000000","2016-08-20 22:20:02"
"103.8199997","19.3999996","2016-08-20 22:21:02"
"104.0000000","19.7000008","2016-08-20 22:22:02"
"104.0000000","19.6000004","2016-08-20 22:23:02"
"104.3600006","19.5000000","2016-08-20 22:24:02"
"104.3600006","19.3999996","2016-08-20 22:25:02"
"104.3600006","19.3999996","2016-08-20 22:26:01"
"104.5400009","19.3999996","2016-08-20 22:27:01"
"104.7200012","19.3999996","2016-08-20 22:28:01"
"104.7200012","19.2999992","2016-08-20 22:29:01"
"104.7200012","19.2999992","2016-08-20 22:30:02"
"104.7200012","19.2999992","2016-08-20 22:31:02"
"104.9000015","19.2000008","2016-08-20 22:32:02"
"105.0799942","19.2000008","2016-08-20 22:33:02"
"105.2600021","19.0000000","2016-08-20 22:34:02"
"105.2600021","19.0000000","2016-08-20 22:35:02"
"105.2600021","19.0000000","2016-08-20 22:36:02"
"105.4399948","18.8999996","2016-08-20 22:37:02"
"105.4399948","18.8999996","2016-08-20 22:38:02"
"105.4399948","18.7999992","2016-08-20 22:39:02"
"105.6200027","18.7999992","2016-08-20 22:40:02"
"105.4399948","18.7999992","2016-08-20 22:41:02"
"105.6200027","18.7000008","2016-08-20 22:42:02"
"105.6200027","18.6000004","2016-08-20 22:43:02"
"105.8000031","18.8999996","2016-08-20 22:44:02"
"105.9799957","18.6000004","2016-08-20 22:45:02"
"105.9799957","18.7000008","2016-08-20 22:46:02"
"105.9799957","18.6000004","2016-08-20 22:47:05"
"106.1600037","18.6000004","2016-08-20 22:48:02"
"106.1600037","18.6000004","2016-08-20 22:49:02"
"106.1600037","18.6000004","2016-08-20 22:50:02"
"106.3399963","18.6000004","2016-08-20 22:51:02"
"106.3399963","18.6000004","2016-08-20 22:52:02"
"106.3399963","18.5000000","2016-08-20 22:53:02"
"106.3399963","18.5000000","2016-08-20 22:54:02"
"106.3399963","18.3999996","2016-08-20 22:55:02"
"106.3399963","18.3999996","2016-08-20 22:56:02"
"106.5200043","18.2000008","2016-08-20 22:57:02"
"106.5200043","18.1000004","2016-08-20 22:58:02"
"106.5200043","17.8999996","2016-08-20 22:59:02"
"106.5200043","18.1000004","2016-08-20 23:00:02"
"106.5200043","17.8999996","2016-08-20 23:01:02"
"106.5200043","18.0000000","2016-08-20 23:02:02"
"106.5200043","18.0000000","2016-08-20 23:03:02"
"106.5200043","18.1000004","2016-08-20 23:04:02"
"106.5200043","18.0000000","2016-08-20 23:05:02"
"106.5200043","18.1000004","2016-08-20 23:06:02"
"106.5200043","17.8999996","2016-08-20 23:07:02"
"106.5200043","17.7999992","2016-08-20 23:08:02"
"106.6999969","17.7000008","2016-08-20 23:09:02"
"106.5200043","17.7999992","2016-08-20 23:10:02"
"106.3399963","17.8999996","2016-08-20 23:11:02"
"106.5200043","18.0000000","2016-08-20 23:12:02"
"106.3399963","17.8999996","2016-08-20 23:13:02"
"106.3399963","17.7999992","2016-08-20 23:14:02"
"106.3399963","17.7000008","2016-08-20 23:15:02"
"106.3399963","17.7000008","2016-08-20 23:16:02"
"106.3399963","17.7999992","2016-08-20 23:17:02"
"106.3399963","17.7999992","2016-08-20 23:18:02"
"106.3399963","17.7999992","2016-08-20 23:19:02"
"106.3399963","17.7999992","2016-08-20 23:20:02"
"106.3399963","17.8999996","2016-08-20 23:21:02"
"106.3399963","17.7999992","2016-08-20 23:22:02"
"106.3399963","17.7999992","2016-08-20 23:23:04"
"106.3399963","17.8999996","2016-08-20 23:24:02"
"106.1600037","17.7999992","2016-08-20 23:25:02"
"106.1600037","17.7999992","2016-08-20 23:26:02"
"106.1600037","17.7000008","2016-08-20 23:27:02"
"106.3399963","17.6000004","2016-08-20 23:28:02"
"106.1600037","17.7000008","2016-08-20 23:29:05"
"106.1600037","17.7000008","2016-08-20 23:30:02"
"106.1600037","17.7000008","2016-08-20 23:31:04"
"106.1600037","17.6000004","2016-08-20 23:32:02"
"105.9799957","17.6000004","2016-08-20 23:33:02"
"105.9799957","17.5000000","2016-08-20 23:34:02"
"106.1600037","17.3999996","2016-08-20 23:35:02"
"106.1600037","17.5000000","2016-08-20 23:36:02"
"106.1600037","17.5000000","2016-08-20 23:37:02"
"106.1600037","17.3999996","2016-08-20 23:38:02"
"106.1600037","17.5000000","2016-08-20 23:39:02"
"106.1600037","17.3999996","2016-08-20 23:40:02"
"106.1600037","17.3999996","2016-08-20 23:41:02"
"106.3399963","17.3999996","2016-08-20 23:42:02"
"106.3399963","17.2000008","2016-08-20 23:43:02"
"106.1600037","17.2999992","2016-08-20 23:44:05"
"106.3399963","17.2000008","2016-08-20 23:45:02"
"106.3399963","17.2000008","2016-08-20 23:46:02"
"106.3399963","17.3999996","2016-08-20 23:47:02"
"106.3399963","17.2999992","2016-08-20 23:48:02"
"106.3399963","16.7999992","2016-08-20 23:49:02"
"106.3399963","16.7999992","2016-08-20 23:50:02"
"106.3399963","16.8999996","2016-08-20 23:51:02"
"106.5200043","16.6000004","2016-08-20 23:52:02"
"106.5200043","16.7000008","2016-08-20 23:53:02"
"106.5200043","16.2999992","2016-08-20 23:54:02"
"106.5200043","16.2999992","2016-08-20 23:55:02"
"106.5200043","16.2000008","2016-08-20 23:56:02"
"106.5200043","16.2999992","2016-08-20 23:57:02"
"106.6999969","16.2999992","2016-08-20 23:58:02"
"106.5200043","16.3999996","2016-08-20 23:59:02"
"106.5200043","16.2999992","2016-08-21 00:00:02"
"106.5200043","16.6000004","2016-08-21 00:01:02"
"106.5200043","16.7000008","2016-08-21 00:02:02"
"106.5200043","16.2000008","2016-08-21 00:03:02"
"106.5200043","16.1000004","2016-08-21 00:04:02"
"106.5200043","16.2000008","2016-08-21 00:05:01"
"106.5200043","16.5000000","2016-08-21 00:06:01"
"106.6999969","16.2999992","2016-08-21 00:07:01"
"106.5200043","15.8999996","2016-08-21 00:08:04"
"106.6999969","16.2000008","2016-08-21 00:09:02"
"106.5200043","16.1000004","2016-08-21 00:10:07"
"106.5200043","16.0000000","2016-08-21 00:11:04"
"106.5200043","15.8999996","2016-08-21 00:12:01"
"106.3399963","15.8999996","2016-08-21 00:13:07"
"106.5200043","15.8000002","2016-08-21 00:14:01"
"106.3399963","15.8999996","2016-08-21 00:15:01"
"106.3399963","15.8999996","2016-08-21 00:16:01"
"106.1600037","16.0000000","2016-08-21 00:17:02"
"105.9799957","16.2000008","2016-08-21 00:18:02"
"105.8000031","16.2999992","2016-08-21 00:19:02"
"105.9799957","16.3999996","2016-08-21 00:20:02"
"105.8000031","16.3999996","2016-08-21 00:21:02"
"105.6200027","15.6999998","2016-08-21 00:22:07"
"105.4399948","15.6999998","2016-08-21 00:23:02"
"105.4399948","16.0000000","2016-08-21 00:24:02"
"105.4399948","16.0000000","2016-08-21 00:25:02"
"105.2600021","15.8999996","2016-08-21 00:26:02"
"105.2600021","15.8999996","2016-08-21 00:27:02"
"105.2600021","16.0000000","2016-08-21 00:28:02"
"105.2600021","16.0000000","2016-08-21 00:29:02"
"105.2600021","15.8999996","2016-08-21 00:30:02"
"105.2600021","16.1000004","2016-08-21 00:31:02"
"105.0799942","16.0000000","2016-08-21 00:32:02"
"105.0799942","16.2000008","2016-08-21 00:33:02"
"105.2600021","16.0000000","2016-08-21 00:34:02"
"105.2600021","16.1000004","2016-08-21 00:35:02"
"105.2600021","16.0000000","2016-08-21 00:36:02"
"105.2600021","16.0000000","2016-08-21 00:37:02"
"103.0999985","16.7000008","2016-08-21 00:38:02"
"98.5999985","17.1000004","2016-08-21 00:39:02"
"89.2399979","18.8999996","2016-08-21 00:40:02"
"84.1999969","20.7999992","2016-08-21 00:41:02"
"79.5199966","22.8999996","2016-08-21 00:42:05"
"75.9199982","25.7000008","2016-08-21 00:43:02"
"72.3199997","29.2000008","2016-08-21 00:44:04"
"72.3199997","31.8999996","2016-08-21 00:45:02"
"72.3199997","33.4000015","2016-08-21 00:46:02"
"59.1800003","42.4000015","2016-08-21 00:18:05"
"59.9000015","44.2000008","2016-08-21 00:19:02"
"58.8199997","45.2999992","2016-08-21 00:20:02"
"60.0800018","46.5999985","2016-08-21 00:21:02"
"62.0600014","48.4000015","2016-08-21 00:22:02"
"64.4000015","47.7999992","2016-08-21 00:23:02"
"66.7399979","45.9000015","2016-08-21 00:24:02"
"68.9000015","43.5000000","2016-08-21 00:25:02"
"70.6999969","41.0000000","2016-08-21 00:26:02"
"72.5000000","38.7999992","2016-08-21 00:27:02"
"73.9399948","37.0000000","2016-08-21 00:28:02"
"75.3799973","35.4000015","2016-08-21 00:29:02"
"76.4599991","33.9000015","2016-08-21 00:30:02"
"77.7200012","32.5000000","2016-08-21 00:31:02"
"78.6200027","31.2999992","2016-08-21 00:32:02"
"79.6999969","30.6000004","2016-08-21 00:33:02"
"80.4199982","29.6000004","2016-08-21 00:34:02"
"81.3199997","29.2000008","2016-08-21 00:35:02"
"81.8600006","28.3999996","2016-08-21 00:36:02"
"82.5800018","28.1000004","2016-08-21 00:37:02"
"83.1200027","27.5000000","2016-08-21 00:38:02"
"83.6600037","26.8999996","2016-08-21 00:39:02"
"84.1999969","26.8999996","2016-08-21 00:40:02"
"84.7399979","26.3999996","2016-08-21 00:41:02"
"85.2799988","26.0000000","2016-08-21 00:42:02"
"85.6399994","25.6000004","2016-08-21 00:43:02"
"86.0000000","25.6000004","2016-08-21 00:44:02"
"86.3600006","25.2000008","2016-08-21 00:45:02"
"86.7200012","24.8999996","2016-08-21 00:46:02"
"87.0800018","24.7000008","2016-08-21 00:47:02"
"87.2600021","24.5000000","2016-08-21 00:48:02"
"87.4399948","24.2000008","2016-08-21 00:49:04"
"87.8000031","24.5000000","2016-08-21 00:50:01"
"87.9800034","24.2999992","2016-08-21 00:51:01"
"87.9800034","24.2000008","2016-08-21 00:52:02"
"88.1600037","24.1000004","2016-08-21 00:53:02"
"88.3399963","24.0000000","2016-08-21 00:54:02"
"88.5199966","23.8999996","2016-08-21 00:55:02"
"88.6999969","23.7999992","2016-08-21 00:56:07"
"88.6999969","23.7000008","2016-08-21 00:57:05"
"88.8799973","23.6000004","2016-08-21 00:58:02"
"88.8799973","23.6000004","2016-08-21 00:59:04"
"89.0600052","23.5000000","2016-08-21 01:00:02"
"89.0600052","23.5000000","2016-08-21 01:01:02"
"89.0600052","23.3999996","2016-08-21 01:02:02"
"89.0600052","23.3999996","2016-08-21 01:03:02"
"89.0600052","23.2999992","2016-08-21 01:04:02"
"89.2399979","23.2999992","2016-08-21 01:05:02"
"89.2399979","23.2000008","2016-08-21 01:06:02"
"89.2399979","23.0000000","2016-08-21 01:07:02"
"86.3600006","24.0000000","2016-08-21 01:08:02"
"82.9399948","24.2999992","2016-08-21 01:09:02"
"79.6999969","25.3999996","2016-08-21 01:10:02"
"76.6399994","25.5000000","2016-08-21 01:11:05"
"72.8600006","26.5000000","2016-08-21 01:12:01"
"69.6200027","28.2999992","2016-08-21 01:13:01"
"67.6399994","30.0000000","2016-08-21 01:14:01"
"66.7399979","31.3999996","2016-08-21 01:15:02"
"65.6600037","32.5000000","2016-08-21 01:16:02"
"64.5800018","33.5000000","2016-08-21 01:17:02"
"63.5000000","34.5000000","2016-08-21 01:18:02"
"62.7800026","35.0999985","2016-08-21 01:19:02"
"63.8600006","40.5999985","2016-08-21 01:20:02"
"65.1200027","50.4000015","2016-08-21 01:21:02"
"66.5600052","54.2999992","2016-08-21 01:22:02"
"66.3799973","45.2000008","2016-08-21 01:23:02"
"65.6600037","40.2999992","2016-08-21 01:24:02"
"65.1200027","38.4000015","2016-08-21 01:25:02"
"64.4000015","37.7000008","2016-08-21 01:26:02"
"60.2599983","61.5999985","2016-08-21 01:18:03"
"60.2599983","61.2999992","2016-08-21 01:19:04"
"60.2599983","61.2000008","2016-08-21 01:20:05"
"60.2599983","60.9000015","2016-08-21 01:21:02"
"60.4399986","60.7000008","2016-08-21 01:22:02"
"60.4399986","60.4000015","2016-08-21 01:23:02"
"60.4399986","60.0000000","2016-08-21 01:24:02"
"60.7999992","59.5000000","2016-08-21 01:25:02"
"61.3400002","58.4000015","2016-08-21 01:26:02"
"61.7000008","57.2000008","2016-08-21 01:27:02"
"62.2399979","56.4000015","2016-08-21 01:28:02"
"62.4199982","55.4000015","2016-08-21 01:29:02"
"62.7800026","54.0000000","2016-08-21 01:30:02"
"62.9600029","52.7999992","2016-08-21 01:31:02"
"63.1399994","52.0000000","2016-08-21 01:32:02"
"63.3199997","51.2000008","2016-08-21 01:33:02"
"63.5000000","50.5999985","2016-08-21 01:34:02"
"63.5000000","50.0000000","2016-08-21 01:35:02"
"63.6800003","49.5000000","2016-08-21 01:36:02"
"63.6800003","49.0000000","2016-08-21 01:37:02"
"63.6800003","48.5999985","2016-08-21 01:38:02"
"63.8600006","48.4000015","2016-08-21 01:39:02"
"63.8600006","48.0999985","2016-08-21 01:40:04"
"63.8600006","47.9000015","2016-08-21 01:41:02"
"63.8600006","47.7000008","2016-08-21 01:42:02"
"63.8600006","47.5000000","2016-08-21 01:43:02"
"63.8600006","47.2999992","2016-08-21 01:44:02"
"63.8600006","47.0999985","2016-08-21 01:45:02"
"63.8600006","47.0999985","2016-08-21 01:46:02"
"63.8600006","46.9000015","2016-08-21 01:47:02"
"63.8600006","46.9000015","2016-08-21 01:48:02"
"63.8600006","46.7999992","2016-08-21 01:49:02"
"64.0400009","46.7000008","2016-08-21 01:50:02"
"64.0400009","46.5999985","2016-08-21 01:51:02"
"64.0400009","46.5000000","2016-08-21 01:52:02"
"64.0400009","46.4000015","2016-08-21 01:53:02"
"64.0400009","46.2999992","2016-08-21 01:54:02"
"64.0400009","46.0999985","2016-08-21 01:55:02"
"64.2200012","46.0999985","2016-08-21 01:56:02"
"64.0400009","45.9000015","2016-08-21 01:57:02"
"64.2200012","45.9000015","2016-08-21 01:58:04"
"64.2200012","45.7000008","2016-08-21 01:59:02"
"64.2200012","45.7999992","2016-08-21 02:00:10"
"64.4000015","45.5999985","2016-08-21 02:01:02"
"64.4000015","45.5000000","2016-08-21 02:02:02"
"64.4000015","45.2999992","2016-08-21 02:03:02"
"64.4000015","45.0999985","2016-08-21 02:04:02"
"64.4000015","45.0999985","2016-08-21 02:05:02"
"64.5800018","45.0000000","2016-08-21 02:06:02"
"64.5800018","44.7999992","2016-08-21 02:07:02"
"64.5800018","44.5999985","2016-08-21 02:08:02"
"64.5800018","44.4000015","2016-08-21 02:09:02"
"64.7600021","44.2000008","2016-08-21 02:10:02"
"64.7600021","44.0000000","2016-08-21 02:11:02"
"64.7600021","43.9000015","2016-08-21 02:12:02"
"64.7600021","43.7000008","2016-08-21 02:13:02"
"64.9399948","43.7000008","2016-08-21 02:14:02"
"64.9399948","43.5000000","2016-08-21 02:15:02"
"65.1200027","43.4000015","2016-08-21 02:16:02"
"65.1200027","43.2999992","2016-08-21 02:17:02"
"65.3000031","43.0999985","2016-08-21 02:18:02"
"65.6600037","42.9000015","2016-08-21 02:19:01"
"65.8399963","42.5000000","2016-08-21 02:20:01"
"66.1999969","42.0999985","2016-08-21 02:21:01"
"66.5600052","41.5999985","2016-08-21 02:22:02"
"66.7399979","41.0999985","2016-08-21 02:23:02"
"67.0999985","40.5999985","2016-08-21 02:24:02"
"67.4599991","40.2000008","2016-08-21 02:25:02"
"67.8199997","39.7999992","2016-08-21 02:26:02"
"68.1800003","39.5000000","2016-08-21 02:27:02"
"68.5400009","39.2000008","2016-08-21 02:28:02"
"68.9000015","38.9000015","2016-08-21 02:29:02"
"69.2600021","38.5000000","2016-08-21 02:30:02"
"69.6200027","38.2000008","2016-08-21 02:31:02"
"69.9800034","37.9000015","2016-08-21 02:32:02"
"70.1600037","37.5999985","2016-08-21 02:33:02"
"70.5199966","37.4000015","2016-08-21 02:34:02"
"70.8799973","37.0999985","2016-08-21 02:35:02"
"71.2399979","37.0999985","2016-08-21 02:36:02"
"71.4199982","36.9000015","2016-08-21 02:37:02"
"71.7799988","36.7000008","2016-08-21 02:38:02"
"72.1399994","36.7000008","2016-08-21 02:39:02"
"72.5000000","36.5999985","2016-08-21 02:40:02"
"72.8600006","36.4000015","2016-08-21 02:41:05"
"73.0400009","36.2999992","2016-08-21 02:42:02"
"73.2200012","36.0999985","2016-08-21 02:43:02"
"73.5800018","35.9000015","2016-08-21 02:44:02"
"73.7600021","35.7000008","2016-08-21 02:45:02"
"73.9399948","35.4000015","2016-08-21 02:46:04"
"74.1200027","35.2999992","2016-08-21 02:47:02"
"74.1200027","35.2999992","2016-08-21 02:48:02"
"74.1200027","35.0000000","2016-08-21 02:49:02"
"74.3000031","34.9000015","2016-08-21 02:50:02"
"74.3000031","34.9000015","2016-08-21 02:51:02"
"74.3000031","34.7999992","2016-08-21 02:52:02"
"74.4800034","34.9000015","2016-08-21 02:53:02"
"74.4800034","34.9000015","2016-08-21 02:54:02"
"74.4800034","34.7999992","2016-08-21 02:55:02"
"74.6600037","34.7999992","2016-08-21 02:56:02"
"74.8399963","34.5000000","2016-08-21 02:57:02"
"75.0199966","34.4000015","2016-08-21 02:58:02"
"75.1999969","34.2999992","2016-08-21 02:59:02"
"75.3799973","34.2999992","2016-08-21 03:00:02"
"75.3799973","34.0000000","2016-08-21 03:01:02"
"75.7399979","33.9000015","2016-08-21 03:02:02"
"76.0999985","33.5999985","2016-08-21 03:03:02"
"76.4599991","33.4000015","2016-08-21 03:04:02"
"76.6399994","33.0000000","2016-08-21 03:05:02"
"77.1800003","32.7000008","2016-08-21 03:06:02"
"77.3600006","32.4000015","2016-08-21 03:07:02"
"77.7200012","32.0000000","2016-08-21 03:08:02"
"77.9000015","31.7999992","2016-08-21 03:09:02"
"78.0800018","31.6000004","2016-08-21 03:10:02"
"78.2600021","31.5000000","2016-08-21 03:11:02"
"78.4399948","31.3999996","2016-08-21 03:12:02"
"78.4399948","31.2999992","2016-08-21 03:13:02"
"78.4399948","31.3999996","2016-08-21 03:14:02"
"78.4399948","31.6000004","2016-08-21 03:15:02"
"78.4399948","31.7000008","2016-08-21 03:16:02"
"78.2600021","31.7999992","2016-08-21 03:17:02"
"78.2600021","31.8999996","2016-08-21 03:18:02"
"78.2600021","32.0999985","2016-08-21 03:19:02"
"78.0800018","32.2000008","2016-08-21 03:20:02"
"78.0800018","32.4000015","2016-08-21 03:21:02"
"78.0800018","32.5000000","2016-08-21 03:22:02"
"78.0800018","32.5000000","2016-08-21 03:23:04"
"78.0800018","32.5999985","2016-08-21 03:24:01"
"78.2600021","32.5999985","2016-08-21 03:25:01"
"78.2600021","32.5999985","2016-08-21 03:26:01"
"78.2600021","32.7000008","2016-08-21 03:27:02"
"78.4399948","32.5999985","2016-08-21 03:28:02"
"78.4399948","32.5999985","2016-08-21 03:29:02"
"78.4399948","32.5000000","2016-08-21 03:30:02"
"78.6200027","32.5999985","2016-08-21 03:31:02"
"78.6200027","32.5000000","2016-08-21 03:32:02"
"78.8000031","32.9000015","2016-08-21 03:33:02"
"78.8000031","32.9000015","2016-08-21 03:34:02"
"78.8000031","32.7999992","2016-08-21 03:35:02"
"78.9800034","32.7999992","2016-08-21 03:36:02"
"79.1600037","32.7000008","2016-08-21 03:37:02"
"79.3399963","32.5999985","2016-08-21 03:38:02"
"79.5199966","32.5000000","2016-08-21 03:39:02"
"79.5199966","32.4000015","2016-08-21 03:40:02"
"79.6999969","32.2999992","2016-08-21 03:41:02"
"79.6999969","32.4000015","2016-08-21 03:42:02"
"79.8799973","32.4000015","2016-08-21 03:43:02"
"79.8799973","32.4000015","2016-08-21 03:44:02"
"80.0600052","32.2999992","2016-08-21 03:45:02"
"80.2399979","32.2000008","2016-08-21 03:46:02"
"80.2399979","32.0999985","2016-08-21 03:47:02"
"80.2399979","32.0000000","2016-08-21 03:48:02"
"80.4199982","32.0000000","2016-08-21 03:49:02"
"80.4199982","31.8999996","2016-08-21 03:50:02"
"80.5999985","32.2999992","2016-08-21 03:51:02"
"80.5999985","32.2999992","2016-08-21 03:52:02"
"80.5999985","32.2000008","2016-08-21 03:53:02"
"80.7799988","32.2000008","2016-08-21 03:54:02"
"80.7799988","32.0000000","2016-08-21 03:55:02"
"80.9599991","32.0000000","2016-08-21 03:56:02"
"81.1399994","31.8999996","2016-08-21 03:57:02"
"81.3199997","31.7999992","2016-08-21 03:58:02"
"81.5000000","31.6000004","2016-08-21 03:59:02"
"81.6800003","31.6000004","2016-08-21 04:00:02"
"82.0400009","31.3999996","2016-08-21 04:01:02"
"82.2200012","31.2000008","2016-08-21 04:02:02"
"82.4000015","31.5000000","2016-08-21 04:03:05"
"82.7600021","31.3999996","2016-08-21 04:04:04"
"82.9399948","31.2000008","2016-08-21 04:05:05"
"83.1200027","31.1000004","2016-08-21 04:06:02"
"83.4800034","30.8999996","2016-08-21 04:07:02"
"83.6600037","30.7999992","2016-08-21 04:08:02"
"84.0199966","30.6000004","2016-08-21 04:09:01"
"84.3799973","30.8999996","2016-08-21 04:10:01"
"84.5600052","30.7000008","2016-08-21 04:11:01"
"84.9199982","30.6000004","2016-08-21 04:12:02"
"85.0999985","30.3999996","2016-08-21 04:13:02"
"85.4599991","30.2000008","2016-08-21 04:14:02"
"85.4599991","30.0000000","2016-08-21 04:15:02"
"85.8199997","29.7999992","2016-08-21 04:16:02"
"85.8199997","29.7000008","2016-08-21 04:17:02"
"86.0000000","30.0000000","2016-08-21 04:18:02"
"86.0000000","29.7999992","2016-08-21 04:19:02"
"86.0000000","29.7000008","2016-08-21 04:20:02"
"86.0000000","29.7000008","2016-08-21 04:21:02"
"86.0000000","29.6000004","2016-08-21 04:22:02"
"86.0000000","29.6000004","2016-08-21 04:23:02"
"86.0000000","29.6000004","2016-08-21 04:24:02"
"85.8199997","29.2000008","2016-08-21 04:25:02"
"85.8199997","29.2000008","2016-08-21 04:26:02"
"85.6399994","29.2000008","2016-08-21 04:27:02"
"85.6399994","29.2000008","2016-08-21 04:28:02"
"85.4599991","29.2999992","2016-08-21 04:29:02"
"85.2799988","29.2999992","2016-08-21 04:30:02"
"85.2799988","29.2999992","2016-08-21 04:31:02"
"85.0999985","29.3999996","2016-08-21 04:32:02"
"84.9199982","29.5000000","2016-08-21 04:33:02"
"84.7399979","29.5000000","2016-08-21 04:34:02"
"84.7399979","29.6000004","2016-08-21 04:35:02"
"84.5600052","29.7000008","2016-08-21 04:36:02"
"84.3799973","29.7999992","2016-08-21 04:37:02"
"84.1999969","29.7999992","2016-08-21 04:38:02"
"84.1999969","29.8999996","2016-08-21 04:39:02"
"84.0199966","29.5000000","2016-08-21 04:40:02"
"84.0199966","29.5000000","2016-08-21 04:41:02"
"83.8399963","29.6000004","2016-08-21 04:42:02"
"83.8399963","29.7000008","2016-08-21 04:43:02"
"83.8399963","29.7999992","2016-08-21 04:44:02"
"83.6600037","29.7999992","2016-08-21 04:45:04"
"83.6600037","29.7999992","2016-08-21 04:46:02"
"83.6600037","29.8999996","2016-08-21 04:47:04"
"83.6600037","29.8999996","2016-08-21 04:48:01"
"83.6600037","29.8999996","2016-08-21 04:49:01"
"83.8399963","29.8999996","2016-08-21 04:50:02"
"83.8399963","29.8999996","2016-08-21 04:51:02"
"83.8399963","29.8999996","2016-08-21 04:52:02"
"84.0199966","29.7999992","2016-08-21 04:53:02"
"84.1999969","30.2999992","2016-08-21 04:54:02"
"84.3799973","30.2000008","2016-08-21 04:55:02"
"84.5600052","30.2000008","2016-08-21 04:56:02"
"84.7399979","30.2000008","2016-08-21 04:57:02"
"84.9199982","30.1000004","2016-08-21 04:58:02"
"85.0999985","30.1000004","2016-08-21 04:59:02"
"85.2799988","29.8999996","2016-08-21 05:00:02"
"85.4599991","29.7999992","2016-08-21 05:01:02"
"85.6399994","29.6000004","2016-08-21 05:02:02"
"68.1800003","45.4000015","2016-08-21 04:18:03"
